Flurstueckname;KritischeHangneigung;Feucht-undMoorgebiete;WHG5mBegrünung(5%/20m)2023;Nitrat-belasteteGebietenachDüV;BodenerosionsgefährdungdurchWind;Phosphat-belasteteGebietenachDüV;BodenerosionsgefährdungdurchWasser;SchwereBödennachKonditionalitätab2023;GewässerabständenachDüngeverordnungDüV2023;Flurstückskennzeichen;Flurstücksnummer;Flur;Gemarkungsnummer;Gemarkung (Gemarkungs-schlüssel gesamt);Gemeinde;Kreis;Lagebezeichung;Amtliche Fläche in m²;Tatsächliche Nutzung Abschnittsflächen in m²
Flurstueck.1043501;true;false;false;false;false;false;true;true;false;07451900001578______;1578;Flur 0;074519000;Münchweiler;Münchweiler an der Alsenz;Donnersbergkreis;Neuwoog;3400;"Ackerland;3152|Grünland;248"
Flurstueck.1043505;true;false;true;false;false;false;true;true;false;07451900002002______;2002;Flur 0;074519000;Münchweiler;Münchweiler an der Alsenz;Donnersbergkreis;Gehrenäcker;30255;"Ackerland;30255"
Flurstueck.1046172;true;false;false;false;false;false;true;false;false;07495900000756______;756;Flur 0;074959000;Sembach;Sembach;Kaiserslautern;Bauter;3200;"Ackerland;3007|Laubholz;193"
Flurstueck.1140137;true;false;false;false;false;false;true;true;false;07451800000969______;969;Flur 0;074518000;Gonbach;Gonbach;Donnersbergkreis;Rauschen;32293;"Ackerland;32293"
Flurstueck.1140169;true;false;false;false;false;false;true;true;false;07451900001580______;1580;Flur 0;074519000;Münchweiler;Münchweiler an der Alsenz;Donnersbergkreis;Neuwoog;6140;"Ackerland;5903|Fahrweg;237"
Flurstueck.1142740;true;false;false;false;false;false;true;true;false;074959000008280009__;828;Flur 0;074959000;Sembach;Sembach;Kaiserslautern;Im Hollerstück;2208;"Ackerland;2208"
Flurstueck.1236872;true;false;false;false;false;false;false;false;false;07451800001178______;1178;Flur 0;074518000;Gonbach;Gonbach;Donnersbergkreis;Kirschgarten;2760;"Ackerland;2760"
Flurstueck.1236875;true;false;false;false;false;false;true;false;false;07451800000936______;936;Flur 0;074518000;Gonbach;Gonbach;Donnersbergkreis;Gaul;3000;"Ackerland;3000"
Flurstueck.1237017;false;false;false;false;false;false;true;true;false;074524000007930003__;793;Flur 0;074524000;Winnweiler;Winnweiler;Donnersbergkreis;Sandfeld;3427;"Ackerland;3427"
Flurstueck.1239527;false;false;false;false;false;false;true;false;false;07495600001279______;1279;Flur 0;074956000;Baalborn;Mehlingen;Kaiserslautern;Hohe Rech;8186;"Ackerland;8186"
Flurstueck.1333851;true;false;false;false;false;false;false;false;false;07451800001160______;1160;Flur 0;074518000;Gonbach;Gonbach;Donnersbergkreis;Kirschgarten;22390;"Ackerland;22015|Fahrweg;375"
Flurstueck.1333924;true;false;false;false;false;false;true;true;false;07452100002104______;2104;Flur 0;074521000;Lohnsfeld;Lohnsfeld;Donnersbergkreis;Langgewann;43680;"Ackerland;43680"
Flurstueck.1333926;true;false;false;false;false;false;true;true;false;07452100002216______;2216;Flur 0;074521000;Lohnsfeld;Lohnsfeld;Donnersbergkreis;Buchholz;19830;"Ackerland;13838|Grünland;5992"
Flurstueck.1333933;true;false;false;false;false;false;true;true;false;07452100001989______;1989;Flur 0;074521000;Lohnsfeld;Lohnsfeld;Donnersbergkreis;Mordkammer;21813;"Ackerland;21813"
Flurstueck.1333974;false;false;false;false;false;false;true;true;false;074524000007800005__;780;Flur 0;074524000;Winnweiler;Winnweiler;Donnersbergkreis;Im Strunk Erste Gewanne;2560;"Ackerland;2560"
Flurstueck.1431017;false;false;false;false;false;false;true;true;false;07451800000451______;451;Flur 0;074518000;Gonbach;Gonbach;Donnersbergkreis;Seiders;1520;"Ackerland;1520"
Flurstueck.1431058;true;false;false;false;false;false;true;true;false;074519000015930004__;1593;Flur 0;074519000;Münchweiler;Münchweiler an der Alsenz;Donnersbergkreis;Stockäcker;1617;"Laub- und Nadelholz;972|Ackerland;358|Laub- und Nadelholz;204|Ackerland;67|Fahrweg;17"
Flurstueck.1431065;true;false;false;false;false;false;true;true;false;07451900002111______;2111;Flur 0;074519000;Münchweiler;Münchweiler an der Alsenz;Donnersbergkreis;Triftwiese;17753;"Ackerland;17753"
Flurstueck.1431067;false;false;false;false;false;false;true;true;false;07451900001950______;1950;Flur 0;074519000;Münchweiler;Münchweiler an der Alsenz;Donnersbergkreis;Elf Morgen;7945;"Ackerland;7945"
Flurstueck.1433700;true;false;false;false;false;false;true;true;false;074959000010120007__;1012;Flur 0;074959000;Sembach;Sembach;Kaiserslautern;Frankenland;2195;"Ackerland;2195"
Flurstueck.1528243;false;false;false;false;false;false;false;false;false;07451800001162______;1162;Flur 0;074518000;Gonbach;Gonbach;Donnersbergkreis;Pfalzschlag;4810;"Ackerland;4810"
Flurstueck.1528266;true;false;false;false;false;false;true;true;false;07451900000835______;835;Flur 0;074519000;Münchweiler;Münchweiler an der Alsenz;Donnersbergkreis;Beckerdell;4670;"Ackerland;4078|Gehölz;592"
Flurstueck.1530989;true;false;false;false;false;false;true;true;false;074959000010140002__;1014;Flur 0;074959000;Sembach;Sembach;Kaiserslautern;Frankenland;2092;"Ackerland;2092"
Flurstueck.1625128;true;false;false;false;false;false;true;true;false;07451900001595______;1595;Flur 0;074519000;Münchweiler;Münchweiler an der Alsenz;Donnersbergkreis;Stockäcker;8760;"Ackerland;8532|Laub- und Nadelholz;228"
Flurstueck.1625174;true;false;false;false;false;false;true;false;false;07452000001331______;1331;Flur 0;074520000;Wartenberg-Rohrbach;Wartenberg-Rohrbach;Donnersbergkreis;Mittelhölzchen;16488;"Ackerland;13593|Laub- und Nadelholz;2895"
Flurstueck.1625176;false;false;false;false;false;false;true;true;false;07452100002157______;2157;Flur 0;074521000;Lohnsfeld;Lohnsfeld;Donnersbergkreis;Hutzeldürr;4666;"Ackerland;4666"
Flurstueck.1627660;true;false;false;false;false;false;true;true;false;07495600001193______;1193;Flur 0;074956000;Baalborn;Mehlingen;Kaiserslautern;Im Hahnborn;82057;"Ackerland;82057"
Flurstueck.1627689;true;true;false;false;false;false;true;true;false;074959000010170004__;1017;Flur 0;074959000;Sembach;Sembach;Kaiserslautern;Frankenland;3587;"Grünland;3499|Ackerland;88"
Flurstueck.1647541;true;false;false;false;false;false;false;false;false;074959000008740029__;874;Flur 0;074959000;Sembach;Sembach;Kaiserslautern;Schulzengarten;27349;"Ackerland;26544|Garten;805"
Flurstueck.170885;false;false;false;false;false;false;false;false;false;074519000007750003__;775;Flur 0;074519000;Münchweiler;Münchweiler an der Alsenz;Donnersbergkreis;Oberste Reth;2990;"Ackerland;2990"
Flurstueck.170893;false;false;false;false;false;false;true;false;false;07451900001102______;1102;Flur 0;074519000;Münchweiler;Münchweiler an der Alsenz;Donnersbergkreis;Schulberg;1840;"Ackerland;1840"
Flurstueck.170894;true;false;false;false;false;false;true;false;false;07451900001108______;1108;Flur 0;074519000;Münchweiler;Münchweiler an der Alsenz;Donnersbergkreis;Schulberg;5620;"Ackerland;5620"
Flurstueck.170959;true;false;false;false;false;false;true;true;false;07452100001980______;1980;Flur 0;074521000;Lohnsfeld;Lohnsfeld;Donnersbergkreis;Auf der Straße;19585;"Ackerland;19585"
Flurstueck.1721819;false;false;false;false;false;false;false;false;false;07451900000775______;775;Flur 0;074519000;Münchweiler;Münchweiler an der Alsenz;Donnersbergkreis;Oberste Reth;5550;"Ackerland;5550"
Flurstueck.1721824;false;false;false;false;false;false;true;true;false;07451900001947______;1947;Flur 0;074519000;Münchweiler;Münchweiler an der Alsenz;Donnersbergkreis;Elf Morgen;2343;"Ackerland;2343"
Flurstueck.1721904;false;false;false;false;false;false;true;true;false;07452400000775______;775;Flur 0;074524000;Winnweiler;Winnweiler;Donnersbergkreis;Im Strunk Erste Gewanne;1430;"Ackerland;1411|Fahrweg;19"
Flurstueck.173478;true;false;false;false;false;false;true;true;false;07495900000835______;835;Flur 0;074959000;Sembach;Sembach;Kaiserslautern;Heckenweg;8780;"Ackerland;8780"
Flurstueck.173490;true;false;false;false;false;false;false;false;false;07495900000911______;911;Flur 0;074959000;Sembach;Sembach;Kaiserslautern;Stockfeld;5472;"Ackerland;5472"
Flurstueck.1818179;false;false;false;false;false;false;false;false;false;074518000006680002__;668;Flur 0;074518000;Gonbach;Gonbach;Donnersbergkreis;Hohlstein;1570;"Ackerland;1506|Laub- und Nadelholz;64"
Flurstueck.1818183;false;false;false;false;false;false;false;false;false;07451800001175______;1175;Flur 0;074518000;Gonbach;Gonbach;Donnersbergkreis;Pfalzschlag;9150;"Ackerland;9150"
Flurstueck.1818263;true;false;false;false;false;false;true;false;false;07452000001330______;1330;Flur 0;074520000;Wartenberg-Rohrbach;Wartenberg-Rohrbach;Donnersbergkreis;Mittelhölzchen;4959;"Ackerland;3225|Laub- und Nadelholz;1734"
Flurstueck.1818301;false;false;false;false;false;false;true;true;false;07452400000790______;790;Flur 0;074524000;Winnweiler;Winnweiler;Donnersbergkreis;Sandfeld;6140;"Ackerland;6140"
Flurstueck.1818305;false;false;false;false;false;false;true;true;false;07452400000773______;773;Flur 0;074524000;Winnweiler;Winnweiler;Donnersbergkreis;Im Strunk Erste Gewanne;2040;"Ackerland;2001|Fahrweg;39"
Flurstueck.1914828;false;false;false;false;false;false;true;true;false;07451900000762______;762;Flur 0;074519000;Münchweiler;Münchweiler an der Alsenz;Donnersbergkreis;Oberste Reth;4860;"Ackerland;4860"
Flurstueck.1914838;true;false;false;false;false;false;true;false;false;074519000016940002__;1694;Flur 0;074519000;Münchweiler;Münchweiler an der Alsenz;Donnersbergkreis;Im Taubert;120;"Ackerland;86|Laubholz;34"
Flurstueck.1914846;true;false;false;false;false;false;true;true;false;07451900001630______;1630;Flur 0;074519000;Münchweiler;Münchweiler an der Alsenz;Donnersbergkreis;Am Hochwald;10600;"Ackerland;7498|Laub- und Nadelholz;3102"
Flurstueck.1914852;true;false;false;false;false;false;true;true;false;074519000020120001__;2012;Flur 0;074519000;Münchweiler;Münchweiler an der Alsenz;Donnersbergkreis;Vor der Halt;11562;"Ackerland;11562"
Flurstueck.1914934;false;false;false;false;false;false;true;true;false;074524000007800003__;780;Flur 0;074524000;Winnweiler;Winnweiler;Donnersbergkreis;Im Strunk Erste Gewanne;5300;"Ackerland;5300"
Flurstueck.1915967;false;false;false;false;false;false;true;true;false;074959000005450007__;545;Flur 0;074959000;Sembach;Sembach;Kaiserslautern;Langäcker;984;"Grünland;984"
Flurstueck.2014728;false;false;false;false;false;false;true;true;false;07495900000950______;950;Flur 0;074959000;Sembach;Sembach;Kaiserslautern;Mittelhölzchen;5463;"Ackerland;5463"
Flurstueck.2109105;true;false;true;false;false;false;true;true;false;07451900002003______;2003;Flur 0;074519000;Münchweiler;Münchweiler an der Alsenz;Donnersbergkreis;Gehrenäcker;4437;"Ackerland;4437"
Flurstueck.2111655;true;false;false;false;false;false;true;true;false;07495900000807______;807;Flur 0;074959000;Sembach;Sembach;Kaiserslautern;Hollerstück;4190;"Ackerland;4190"
Flurstueck.2111661;false;false;false;false;false;false;true;true;false;07495900001010______;1010;Flur 0;074959000;Sembach;Sembach;Kaiserslautern;Frankenland;12947;"Ackerland;12841|Fahrweg;106"
Flurstueck.2206041;false;false;false;false;false;false;true;false;false;07451800001170______;1170;Flur 0;074518000;Gonbach;Gonbach;Donnersbergkreis;Pfalzschlag;3070;"Ackerland;3070"
Flurstueck.2206042;false;false;false;false;false;false;true;false;false;074518000011650002__;1165;Flur 0;074518000;Gonbach;Gonbach;Donnersbergkreis;Pfalzschlag;260;"Ackerland;260"
Flurstueck.2206112;true;false;false;false;false;false;true;true;false;07452000001280______;1280;Flur 0;074520000;Wartenberg-Rohrbach;Wartenberg-Rohrbach;Donnersbergkreis;Flur;37795;"Ackerland;37795"
Flurstueck.2206159;false;false;false;false;false;false;true;true;false;074524000007800006__;780;Flur 0;074524000;Winnweiler;Winnweiler;Donnersbergkreis;Im Strunk Erste Gewanne;4864;"Ackerland;4864"
Flurstueck.2206162;false;false;false;false;false;false;true;true;false;074524000007800002__;780;Flur 0;074524000;Winnweiler;Winnweiler;Donnersbergkreis;Im Strunk Erste Gewanne;480;"Fahrweg;275|Ackerland;107|Ackerland;98"
Flurstueck.2303482;false;false;false;false;false;false;false;false;false;07451900000774______;774;Flur 0;074519000;Münchweiler;Münchweiler an der Alsenz;Donnersbergkreis;Oberste Reth;1910;"Laub- und Nadelholz;912|Ackerland;518|Fahrweg;347|Laub- und Nadelholz;134"
Flurstueck.2303483;false;false;false;false;false;false;true;false;false;07451900000772______;772;Flur 0;074519000;Münchweiler;Münchweiler an der Alsenz;Donnersbergkreis;Oberste Reth;2460;"Ackerland;2387|Gehölz;73"
Flurstueck.2303486;true;false;false;false;false;false;true;true;false;07451900000826______;826;Flur 0;074519000;Münchweiler;Münchweiler an der Alsenz;Donnersbergkreis;Manntal;8120;"Ackerland;8120"
Flurstueck.2303502;true;false;false;false;false;false;true;true;false;07451900002092______;2092;Flur 0;074519000;Münchweiler;Münchweiler an der Alsenz;Donnersbergkreis;Sand;11550;"Ackerland;11550"
Flurstueck.2303544;true;false;false;false;false;false;true;true;false;07452100002163______;2163;Flur 0;074521000;Lohnsfeld;Lohnsfeld;Donnersbergkreis;Vordere Hub;15370;"Ackerland;15370"
Flurstueck.2303553;true;false;false;false;false;false;true;true;false;07452100001983______;1983;Flur 0;074521000;Lohnsfeld;Lohnsfeld;Donnersbergkreis;Auf der Straße;1066;"Ackerland;477|Gehölz;336|Grünland;254"
Flurstueck.2306126;false;false;false;false;false;false;true;true;false;07495900001005______;1005;Flur 0;074959000;Sembach;Sembach;Kaiserslautern;Frankenland;11573;"Ackerland;10603|Garten;970"
Flurstueck.2400329;true;false;false;false;false;false;true;true;false;074518000009670002__;967;Flur 0;074518000;Gonbach;Gonbach;Donnersbergkreis;Rauschen;800;"Ackerland;800"
Flurstueck.2400338;true;false;false;false;false;false;true;true;false;07451900000842______;842;Flur 0;074519000;Münchweiler;Münchweiler an der Alsenz;Donnersbergkreis;Beckerdell;5010;"Grünland;5010"
Flurstueck.2402930;false;false;false;false;false;false;false;false;false;07495900000890______;890;Flur 0;074959000;Sembach;Sembach;Kaiserslautern;Stockfeld;3780;"Ackerland;3780"
Flurstueck.2498735;true;false;false;false;false;false;true;true;false;074959000012170001__;1217;Flur 0;074959000;Sembach;Sembach;Kaiserslautern;Butterhafen;4378;"Ackerland;4378"
Flurstueck.2500320;false;false;false;false;false;false;true;true;false;074959000010040002__;1004;Flur 0;074959000;Sembach;Sembach;Kaiserslautern;Frankenland;170;"Ackerland;170"
Flurstueck.2594122;false;false;false;false;false;false;true;false;false;07451900000753______;753;Flur 0;074519000;Münchweiler;Münchweiler an der Alsenz;Donnersbergkreis;Oberste Reth;1910;"Ackerland;1910"
Flurstueck.2594193;false;false;false;false;false;false;true;true;false;07452100002099______;2099;Flur 0;074521000;Lohnsfeld;Lohnsfeld;Donnersbergkreis;Langgewann;8706;"Ackerland;8706"
Flurstueck.2594194;true;false;false;false;false;false;true;true;false;07452100002159______;2159;Flur 0;074521000;Lohnsfeld;Lohnsfeld;Donnersbergkreis;Hutzeldürr;4143;"Ackerland;4143"
Flurstueck.2594237;true;false;false;false;false;false;true;true;false;07452400000777______;777;Flur 0;074524000;Winnweiler;Winnweiler;Donnersbergkreis;Im Strunk Erste Gewanne;1810;"Ackerland;1810"
Flurstueck.2596707;false;false;false;false;false;false;true;true;false;07495900000962______;962;Flur 0;074959000;Sembach;Sembach;Kaiserslautern;Mittelhölzchen;5323;"Ackerland;5323"
Flurstueck.267784;false;false;false;false;false;false;true;false;false;07451800001168______;1168;Flur 0;074518000;Gonbach;Gonbach;Donnersbergkreis;Pfalzschlag;1220;"Ackerland;1220"
Flurstueck.267816;false;false;false;false;false;false;false;false;false;074519000020120002__;2012;Flur 0;074519000;Münchweiler;Münchweiler an der Alsenz;Donnersbergkreis;Vor der Halt;6606;"Ackerland;6606"
Flurstueck.267868;true;false;false;false;false;false;true;true;false;07452100002191______;2191;Flur 0;074521000;Lohnsfeld;Lohnsfeld;Donnersbergkreis;Auf der Trift;34089;"Ackerland;34089"
Flurstueck.267909;false;false;false;false;false;false;true;true;false;074524000007850001__;785;Flur 0;074524000;Winnweiler;Winnweiler;Donnersbergkreis;Sandfeld;1776;"Ackerland;1776"
Flurstueck.268822;true;false;true;false;false;false;true;true;true;074519000020290004__;2029;Flur 0;074519000;Münchweiler;Münchweiler an der Alsenz;Donnersbergkreis;Sammelswiesen;28439;"Ackerland;28439"
Flurstueck.2691068;false;false;false;false;false;false;true;true;false;07451900000756______;756;Flur 0;074519000;Münchweiler;Münchweiler an der Alsenz;Donnersbergkreis;Oberste Reth;7040;"Ackerland;7040"
Flurstueck.2691083;true;false;false;false;false;false;true;true;false;07451900002037______;2037;Flur 0;074519000;Münchweiler;Münchweiler an der Alsenz;Donnersbergkreis;Distelacker;38827;"Ackerland;38827"
Flurstueck.2693763;false;false;false;false;false;false;false;true;false;07495900000919______;919;Flur 0;074959000;Sembach;Sembach;Kaiserslautern;An der Pfaffenseite Hollerstück;8474;"Ackerland;8474"
Flurstueck.270403;false;false;false;false;false;false;true;true;false;07495900000965______;965;Flur 0;074959000;Sembach;Sembach;Kaiserslautern;Mittelhölzchen;5971;"Ackerland;5971"
Flurstueck.2788141;false;false;false;false;false;false;false;false;false;07452100002398______;2398;Flur 0;074521000;Lohnsfeld;Lohnsfeld;Donnersbergkreis;Einsiedelberg;5454;"Laub- und Nadelholz;5122|Fahrweg;332"
Flurstueck.2788149;false;false;false;false;false;false;true;true;false;07451900000770______;770;Flur 0;074519000;Münchweiler;Münchweiler an der Alsenz;Donnersbergkreis;Oberste Reth;6020;"Ackerland;5862|Gehölz;158"
Flurstueck.2788163;true;false;false;false;false;false;true;true;false;07451900002011______;2011;Flur 0;074519000;Münchweiler;Münchweiler an der Alsenz;Donnersbergkreis;Vor der Halt;2126;"Ackerland;2126"
Flurstueck.2788164;true;false;false;false;false;false;true;true;false;07451900002075______;2075;Flur 0;074519000;Münchweiler;Münchweiler an der Alsenz;Donnersbergkreis;Hintere Halt;31499;"Ackerland;31499"
Flurstueck.2788165;false;false;false;false;false;false;true;false;false;07451900002043______;2043;Flur 0;074519000;Münchweiler;Münchweiler an der Alsenz;Donnersbergkreis;Melchiorstal;2035;"Laubholz;2035"
Flurstueck.2788206;true;false;false;false;false;false;true;true;false;07452100002162______;2162;Flur 0;074521000;Lohnsfeld;Lohnsfeld;Donnersbergkreis;Vordere Hub;24944;"Ackerland;24944"
Flurstueck.2790776;false;false;false;false;false;false;false;true;false;07495900000850______;850;Flur 0;074959000;Sembach;Sembach;Kaiserslautern;Heckenweg;1834;"Grünland;1740|Fahrweg;94"
Flurstueck.2885304;false;false;false;false;false;false;true;true;false;07451900001951______;1951;Flur 0;074519000;Münchweiler;Münchweiler an der Alsenz;Donnersbergkreis;Elf Morgen;5178;"Ackerland;5178"
Flurstueck.2885380;false;false;false;false;false;false;true;true;false;07452400000835______;835;Flur 0;074524000;Winnweiler;Winnweiler;Donnersbergkreis;Obere Hub;2420;"Ackerland;2420"
Flurstueck.2885400;true;false;false;false;false;false;true;true;false;07452400000776______;776;Flur 0;074524000;Winnweiler;Winnweiler;Donnersbergkreis;Im Strunk Erste Gewanne;4430;"Ackerland;4420|Fahrweg;10"
Flurstueck.2885402;false;false;false;false;false;false;true;true;false;074524000007800004__;780;Flur 0;074524000;Winnweiler;Winnweiler;Donnersbergkreis;Im Strunk Erste Gewanne;5310;"Ackerland;5310"
Flurstueck.2887989;false;false;false;false;false;false;true;true;false;07495600001283______;1283;Flur 0;074956000;Baalborn;Mehlingen;Kaiserslautern;Hohe Rech;71893;"Ackerland;71893"
Flurstueck.2982558;false;false;false;false;false;false;true;false;false;07451900001435______;1435;Flur 0;074519000;Münchweiler;Münchweiler an der Alsenz;Donnersbergkreis;Gebrüchberg;1920;"Grünland;1499|Gehölz;421"
Flurstueck.2982566;true;false;false;false;false;false;true;true;false;07451900001977______;1977;Flur 0;074519000;Münchweiler;Münchweiler an der Alsenz;Donnersbergkreis;Pfarrhöbel;53793;"Ackerland;53793"
Flurstueck.2982570;true;false;false;false;false;false;true;true;false;07451900002057______;2057;Flur 0;074519000;Münchweiler;Münchweiler an der Alsenz;Donnersbergkreis;Melchiorstal;8629;"Ackerland;8134|Gehölz;495"
Flurstueck.2982665;false;false;false;false;false;false;true;true;false;07452400000834______;834;Flur 0;074524000;Winnweiler;Winnweiler;Donnersbergkreis;Obere Hub;2420;"Ackerland;2420"
Flurstueck.3079104;true;false;false;false;false;false;false;false;false;07451800001180______;1180;Flur 0;074518000;Gonbach;Gonbach;Donnersbergkreis;Kirschgarten;3990;"Ackerland;3990"
Flurstueck.3079138;true;false;false;false;false;false;true;true;false;07451900001978______;1978;Flur 0;074519000;Münchweiler;Münchweiler an der Alsenz;Donnersbergkreis;Pfarrhöbel;1254;"Ackerland;1225|Fahrweg;29"
Flurstueck.3081762;false;false;false;false;false;false;true;false;false;07495900000959______;959;Flur 0;074959000;Sembach;Sembach;Kaiserslautern;Mittelhölzchen;3410;"Ackerland;3410"
Flurstueck.3081775;true;false;false;false;false;false;true;true;false;07495900001015______;1015;Flur 0;074959000;Sembach;Sembach;Kaiserslautern;Frankenland;17200;"Ackerland;17200"
Flurstueck.3081778;false;false;false;false;false;false;true;true;false;074959000009600002__;960;Flur 0;074959000;Sembach;Sembach;Kaiserslautern;Mittelhölzchen;5170;"Ackerland;5170"
Flurstueck.3175811;true;false;false;false;false;false;true;true;false;074518000011600003__;1160;Flur 0;074518000;Gonbach;Gonbach;Donnersbergkreis;Kirschgarten;4740;"Fahrweg;2017|Fahrweg;1573|Ackerland;922|Ackerland;228"
Flurstueck.3175829;true;false;false;false;false;false;true;false;false;074518000009360003__;936;Flur 0;074518000;Gonbach;Gonbach;Donnersbergkreis;Gaul;1500;"Ackerland;1500"
Flurstueck.3175841;true;false;false;false;false;false;true;false;false;07451900001428______;1428;Flur 0;074519000;Münchweiler;Münchweiler an der Alsenz;Donnersbergkreis;Gebrüchberg;6080;"Ackerland;6080"
Flurstueck.3175847;true;false;false;false;false;false;true;false;false;07451900001110______;1110;Flur 0;074519000;Münchweiler;Münchweiler an der Alsenz;Donnersbergkreis;Schulberg;30970;"Grünland;19762|Ackerland;8632|Laubholz;2576"
Flurstueck.3175856;true;false;true;false;false;false;true;true;true;07451900001618______;1618;Flur 0;074519000;Münchweiler;Münchweiler an der Alsenz;Donnersbergkreis;Neuwoog;2350;"Ackerland;2148|Graben;202"
Flurstueck.3175915;true;false;false;false;false;false;true;true;false;07452100002165______;2165;Flur 0;074521000;Lohnsfeld;Lohnsfeld;Donnersbergkreis;Vordere Hub;18467;"Ackerland;18467"
Flurstueck.3175961;false;false;false;false;false;false;true;true;false;074524000007720002__;772;Flur 0;074524000;Winnweiler;Winnweiler;Donnersbergkreis;Im Strunk Erste Gewanne;3080;"Ackerland;3028|Fahrweg;52"
Flurstueck.3175963;false;false;false;false;false;false;true;true;false;074524000007930002__;793;Flur 0;074524000;Winnweiler;Winnweiler;Donnersbergkreis;Sandfeld;3450;"Ackerland;3450"
Flurstueck.3178375;true;false;false;false;false;false;true;false;false;07495800001298______;1298;Flur 0;074958000;Mehlingen;Mehlingen;Kaiserslautern;Fünf Morgen;69226;"Ackerland;69226"
Flurstueck.3272503;true;false;false;false;false;false;true;true;false;07451900000818______;818;Flur 0;074519000;Münchweiler;Münchweiler an der Alsenz;Donnersbergkreis;Manntal;1810;"Grünland;1810"
Flurstueck.3272526;true;false;false;false;false;false;true;true;false;074519000021150002__;2115;Flur 0;074519000;Münchweiler;Münchweiler an der Alsenz;Donnersbergkreis;Mordkammer;6856;"Ackerland;6856"
Flurstueck.3272527;false;false;false;false;false;false;false;false;false;074519000015120003__;1512;Flur 0;074519000;Münchweiler;Münchweiler an der Alsenz;Donnersbergkreis;Neuwoog;9850;"Laub- und Nadelholz;9850"
Flurstueck.3272528;true;false;true;false;false;false;true;true;true;07451900001626______;1626;Flur 0;074519000;Münchweiler;Münchweiler an der Alsenz;Donnersbergkreis;Neuwoog;24404;"Ackerland;23685|Graben;719"
Flurstueck.3275125;false;false;false;false;false;false;true;true;false;074959000008030003__;803;Flur 0;074959000;Sembach;Sembach;Kaiserslautern;Hollerstück;20626;"Ackerland;20626"
Flurstueck.3368969;false;false;false;false;false;false;true;true;false;07451900000755______;755;Flur 0;074519000;Münchweiler;Münchweiler an der Alsenz;Donnersbergkreis;Oberste Reth;8590;"Ackerland;8590"
Flurstueck.3368992;true;false;true;false;false;false;true;true;false;074519000020230001__;2023;Flur 0;074519000;Münchweiler;Münchweiler an der Alsenz;Donnersbergkreis;Sammelswiesen;6677;"Restauration;5159|Grünland;1518"
Flurstueck.3369048;true;false;false;false;false;false;true;true;false;07452100002103______;2103;Flur 0;074521000;Lohnsfeld;Lohnsfeld;Donnersbergkreis;Langgewann;8597;"Ackerland;8597"
Flurstueck.3369088;false;false;false;false;false;false;true;true;false;07452400000836______;836;Flur 0;074524000;Winnweiler;Winnweiler;Donnersbergkreis;Obere Hub;3440;"Ackerland;3440"
Flurstueck.3371540;false;false;false;false;false;false;true;true;false;07495600001282______;1282;Flur 0;074956000;Baalborn;Mehlingen;Kaiserslautern;Hohe Rech;16416;"Ackerland;16416"
Flurstueck.3371571;true;false;false;false;false;false;true;false;false;07495900000757______;757;Flur 0;074959000;Sembach;Sembach;Kaiserslautern;Bauter;3440;"Ackerland;3380|Laubholz;60"
Flurstueck.3371603;true;false;false;false;false;false;true;false;false;07496100001353______;1353;Flur 0;074961000;Enkenbach;Enkenbach-Alsenborn;Kaiserslautern;Auf dem Hahn;9270;"Grünland;9270"
Flurstueck.3465328;false;false;false;false;false;false;false;false;false;07451800001166______;1166;Flur 0;074518000;Gonbach;Gonbach;Donnersbergkreis;Pfalzschlag;1750;"Ackerland;1750"
Flurstueck.3465330;false;false;false;false;false;false;true;false;false;074518000011680002__;1168;Flur 0;074518000;Gonbach;Gonbach;Donnersbergkreis;Pfalzschlag;1220;"Ackerland;1220"
Flurstueck.3465353;true;false;false;false;false;false;true;false;false;07451900001634______;1634;Flur 0;074519000;Münchweiler;Münchweiler an der Alsenz;Donnersbergkreis;Am Hochwald;7430;"Ackerland;7430"
Flurstueck.3465357;true;false;false;false;false;false;true;true;false;074519000020130002__;2013;Flur 0;074519000;Münchweiler;Münchweiler an der Alsenz;Donnersbergkreis;Vor der Halt;10465;"Ackerland;10465"
Flurstueck.3465358;true;false;false;false;false;false;true;true;false;07451900002036______;2036;Flur 0;074519000;Münchweiler;Münchweiler an der Alsenz;Donnersbergkreis;Distelacker;22463;"Ackerland;22463"
Flurstueck.3465363;true;false;false;false;false;false;true;true;false;07451900000840______;840;Flur 0;074519000;Münchweiler;Münchweiler an der Alsenz;Donnersbergkreis;Beckerdell;5210;"Grünland;5095|Gehölz;115"
Flurstueck.3562347;true;false;false;false;false;false;true;true;false;074519000021160002__;2116;Flur 0;074519000;Münchweiler;Münchweiler an der Alsenz;Donnersbergkreis;Mordkammer;13862;"Ackerland;13862"
Flurstueck.3562390;true;false;false;false;false;false;true;true;false;07452100002283______;2283;Flur 0;074521000;Lohnsfeld;Lohnsfeld;Donnersbergkreis;Langegrund;52598;"Ackerland;52598"
Flurstueck.3564963;true;false;false;false;false;false;true;true;false;074959000006650002__;665;Flur 0;074959000;Sembach;Sembach;Kaiserslautern;Schellpeter Eich;3598;"Ackerland;3511|Fahrweg;87"
Flurstueck.3564975;true;false;false;false;false;false;true;true;false;074959000010170002__;1017;Flur 0;074959000;Sembach;Sembach;Kaiserslautern;Frankenland;3411;"Grünland;2766|Ackerland;645"
Flurstueck.364671;true;false;true;false;false;false;true;true;true;07451900001625______;1625;Flur 0;074519000;Münchweiler;Münchweiler an der Alsenz;Donnersbergkreis;Neuwoog;4770;"Wochenendplatz;1658|Teich;1053|Ackerland;819|Teich;650|Graben;485|Laub- und Nadelholz;105"
Flurstueck.365818;false;false;false;false;false;false;true;true;false;074959000005500008__;550;Flur 0;074959000;Sembach;Sembach;Kaiserslautern;Langäcker;15233;"Ackerland;15233"
Flurstueck.3659287;true;false;false;false;false;false;true;true;false;07451900000837______;837;Flur 0;074519000;Münchweiler;Münchweiler an der Alsenz;Donnersbergkreis;Beckerdell;1600;"Ackerland;1298|Grünland;211|Gehölz;91"
Flurstueck.3659289;true;false;false;false;false;false;true;false;false;07451900001440______;1440;Flur 0;074519000;Münchweiler;Münchweiler an der Alsenz;Donnersbergkreis;Gebrüchberg;12077;"Grünland;9815|Gehölz;2222|Fahrweg;39"
Flurstueck.3659304;true;false;false;false;false;false;true;true;true;07451900002035______;2035;Flur 0;074519000;Münchweiler;Münchweiler an der Alsenz;Donnersbergkreis;Distelacker;8567;"Gehölz;2844|Fahrweg;2625|Laub- und Nadelholz;728|Gehölz;438|Ackerland;426|Laub- und Nadelholz;340|Ackerland;302|Ackerland;218|Ackerland;204|Gehölz;186|Ackerland;160|Ackerland;94"
Flurstueck.3659306;true;false;false;false;false;false;true;true;false;074519000021150001__;2115;Flur 0;074519000;Münchweiler;Münchweiler an der Alsenz;Donnersbergkreis;Mordkammer;3009;"Ackerland;3009"
Flurstueck.3659308;true;false;false;false;false;false;true;false;false;07451900002090______;2090;Flur 0;074519000;Münchweiler;Münchweiler an der Alsenz;Donnersbergkreis;Sand;3020;"Ackerland;3020"
Flurstueck.3659312;true;false;false;false;false;false;true;true;false;07452200000222______;222;Flur 0;074522000;Potzbach;Winnweiler;Donnersbergkreis;In den Neunmorgen;27928;"Ackerland;27928"
Flurstueck.3659358;true;false;false;false;false;false;true;true;false;074521000025590002__;2559;Flur 0;074521000;Lohnsfeld;Lohnsfeld;Donnersbergkreis;Steig;50657;"Ackerland;50542|Fahrweg;115"
Flurstueck.3661915;true;false;false;false;false;false;true;true;false;074956000011890001__;1189;Flur 0;074956000;Baalborn;Mehlingen;Kaiserslautern;Attigäcker;11140;"Ackerland;11140"
Flurstueck.3756299;true;false;false;false;false;false;true;true;false;07451900000828______;828;Flur 0;074519000;Münchweiler;Münchweiler an der Alsenz;Donnersbergkreis;Manntal;12412;"Ackerland;12168|Grünland;244"
Flurstueck.3756301;false;false;false;false;false;false;true;true;false;07451900000552______;552;Flur 0;074519000;Münchweiler;Münchweiler an der Alsenz;Donnersbergkreis;Seiderswiesen;4110;"Ackerland;4110"
Flurstueck.3756315;true;false;true;false;false;false;true;false;true;074519000016680001__;1668;Flur 0;074519000;Münchweiler;Münchweiler an der Alsenz;Donnersbergkreis;Reder;6837;"Laubholz;4108|Grünland;1442|Laubholz;517|Grünland;295|Fahrweg;286|Gehölz;189"
Flurstueck.3756361;true;false;false;false;false;false;true;true;false;07452100002101______;2101;Flur 0;074521000;Lohnsfeld;Lohnsfeld;Donnersbergkreis;Langgewann;28872;"Ackerland;28872"
Flurstueck.3756395;false;false;false;false;false;false;true;true;false;074524000007850002__;785;Flur 0;074524000;Winnweiler;Winnweiler;Donnersbergkreis;Sandfeld;94;"Ackerland;94"
Flurstueck.3756403;false;false;false;false;false;false;true;true;false;074524000007920002__;792;Flur 0;074524000;Winnweiler;Winnweiler;Donnersbergkreis;Sandfeld;4670;"Ackerland;4670"
Flurstueck.3757293;true;false;true;false;false;false;true;true;true;074519000020250003__;2025;Flur 0;074519000;Münchweiler;Münchweiler an der Alsenz;Donnersbergkreis;Sammelswiesen;8926;"Ackerland;8926"
Flurstueck.3758876;false;false;false;false;false;false;false;true;false;07495900000922______;922;Flur 0;074959000;Sembach;Sembach;Kaiserslautern;An der Pfaffenseite Hollerstück;7220;"Ackerland;7220"
Flurstueck.3852991;true;false;false;false;false;false;true;true;false;07451900001993______;1993;Flur 0;074519000;Münchweiler;Münchweiler an der Alsenz;Donnersbergkreis;Katzenacker;2040;"Ackerland;2040"
Flurstueck.3852992;true;false;false;false;false;false;true;true;false;07451900002091______;2091;Flur 0;074519000;Münchweiler;Münchweiler an der Alsenz;Donnersbergkreis;Sand;2222;"Ackerland;2222"
Flurstueck.3853043;true;false;false;false;false;false;true;true;false;07452100002100______;2100;Flur 0;074521000;Lohnsfeld;Lohnsfeld;Donnersbergkreis;Langgewann;12446;"Ackerland;12446"
Flurstueck.3853077;true;false;true;false;false;false;true;true;true;07452400000792______;792;Flur 0;074524000;Winnweiler;Winnweiler;Donnersbergkreis;Sandfeld;6680;"Ackerland;5818|Grünland;862"
Flurstueck.3855595;true;false;false;false;false;false;true;true;false;07495600001191______;1191;Flur 0;074956000;Baalborn;Mehlingen;Kaiserslautern;Attigäcker;39488;"Ackerland;39488"
Flurstueck.3855609;false;false;false;false;false;false;true;true;false;07495900000960______;960;Flur 0;074959000;Sembach;Sembach;Kaiserslautern;Mittelhölzchen;3650;"Ackerland;3650"
Flurstueck.3950217;true;false;false;false;false;false;true;true;false;07451900000820______;820;Flur 0;074519000;Münchweiler;Münchweiler an der Alsenz;Donnersbergkreis;Manntal;4450;"Grünland;4397|Fahrweg;53"
Flurstueck.3950223;true;false;false;false;false;false;true;true;false;07451900002067______;2067;Flur 0;074519000;Münchweiler;Münchweiler an der Alsenz;Donnersbergkreis;Hintere Halt;13906;"Ackerland;13906"
Flurstueck.3950260;true;false;false;false;false;false;false;false;false;074520000013430001__;1343;Flur 0;074520000;Wartenberg-Rohrbach;Wartenberg-Rohrbach;Donnersbergkreis;Mittelhölzchen;42748;"Ackerland;42748"
Flurstueck.3950355;true;false;false;false;false;false;true;true;false;07452900001769______;1769;Flur 0;074529000;Alsenbrück-Langmeil;Winnweiler;Donnersbergkreis;Baumannswoog;5106;"Brachland;5106"
Flurstueck.3951223;true;false;true;false;false;false;true;true;true;074519000020300003__;2030;Flur 0;074519000;Münchweiler;Münchweiler an der Alsenz;Donnersbergkreis;Sammelswiesen;12585;"Ackerland;8739|Grünland;3846"
Flurstueck.3951268;true;false;false;false;false;false;true;true;false;074959000012180001__;1218;Flur 0;074959000;Sembach;Sembach;Kaiserslautern;Butterhafen;1253;"Fahrweg;880|Ackerland;373"
Flurstueck.4047053;false;false;false;false;false;false;false;false;false;07451800001165______;1165;Flur 0;074518000;Gonbach;Gonbach;Donnersbergkreis;Pfalzschlag;2010;"Ackerland;2010"
Flurstueck.4047068;true;false;false;false;false;false;true;true;false;074519000008270001__;827;Flur 0;074519000;Münchweiler;Münchweiler an der Alsenz;Donnersbergkreis;Manntal;3920;"Ackerland;3920"
Flurstueck.4047085;true;false;true;false;false;false;true;true;true;07451900001605______;1605;Flur 0;074519000;Münchweiler;Münchweiler an der Alsenz;Donnersbergkreis;Stockäcker;44217;"Ackerland;43603|Laub- und Nadelholz;322|Gehölz;208|Fahrweg;84"
Flurstueck.4047092;true;false;false;false;false;false;true;true;false;07451900001976______;1976;Flur 0;074519000;Münchweiler;Münchweiler an der Alsenz;Donnersbergkreis;Pfarrhöbel;11501;"Gehölz;10119|Ackerland;1144|Ackerland;238"
Flurstueck.4047174;true;false;false;false;false;false;true;true;false;074524000007310001__;731;Flur 0;074524000;Winnweiler;Winnweiler;Donnersbergkreis;Untere Hub;2323;"Grünland;1312|Ackerland;1011"
Flurstueck.4144191;false;false;false;false;false;false;true;false;false;07451800001169______;1169;Flur 0;074518000;Gonbach;Gonbach;Donnersbergkreis;Pfalzschlag;2660;"Ackerland;2660"
Flurstueck.4144217;false;false;false;false;false;false;true;true;false;074519000004170002__;417;Flur 0;074519000;Münchweiler;Münchweiler an der Alsenz;Donnersbergkreis;Rheinhardsacker;3495;"Brachland;3495"
Flurstueck.4144218;false;false;false;false;false;false;false;false;false;074519000015130003__;1513;Flur 0;074519000;Münchweiler;Münchweiler an der Alsenz;Donnersbergkreis;Neuwoog;1360;"Laub- und Nadelholz;1360"
Flurstueck.4144227;true;false;false;false;false;false;true;false;false;07451900001700______;1700;Flur 0;074519000;Münchweiler;Münchweiler an der Alsenz;Donnersbergkreis;Im Taubert;12103;"Ackerland;8794|Laubholz;3309"
Flurstueck.4144322;true;false;false;false;false;false;true;true;false;07452400000730______;730;Flur 0;074524000;Winnweiler;Winnweiler;Donnersbergkreis;Untere Hub;3410;"Ackerland;3243|Grünland;167"
Flurstueck.4146831;true;false;false;false;false;false;false;false;false;07495900000904______;904;Flur 0;074959000;Sembach;Sembach;Kaiserslautern;Stockfeld;4300;"Ackerland;4300"
Flurstueck.4146832;false;false;false;false;false;false;false;true;false;074959000008040002__;804;Flur 0;074959000;Sembach;Sembach;Kaiserslautern;Hollerstück;400;"Ackerland;400"
Flurstueck.4241245;false;false;false;false;false;false;true;false;false;074518000011720002__;1172;Flur 0;074518000;Gonbach;Gonbach;Donnersbergkreis;Pfalzschlag;390;"Ackerland;390"
Flurstueck.4243882;false;false;false;false;false;false;true;true;false;074959000008030002__;803;Flur 0;074959000;Sembach;Sembach;Kaiserslautern;Hollerstück;611;"Ackerland;611"
Flurstueck.4243889;true;false;false;false;false;false;true;true;false;07495900000982______;982;Flur 0;074959000;Sembach;Sembach;Kaiserslautern;Krottenpfuhl;3383;"Grünland;3383"
Flurstueck.4338879;false;false;false;false;false;false;true;false;false;07451800001173______;1173;Flur 0;074518000;Gonbach;Gonbach;Donnersbergkreis;Pfalzschlag;2850;"Ackerland;2850"
Flurstueck.4338903;true;false;false;false;false;false;true;false;false;07451900001424______;1424;Flur 0;074519000;Münchweiler;Münchweiler an der Alsenz;Donnersbergkreis;Gebrüchberg;4700;"Grünland;3109|Laubholz;1591"
Flurstueck.4338921;true;false;false;false;false;false;true;true;false;07451900002086______;2086;Flur 0;074519000;Münchweiler;Münchweiler an der Alsenz;Donnersbergkreis;Sand;11311;"Ackerland;11311"
Flurstueck.4338922;true;false;false;false;false;false;true;true;false;074519000021060003__;2106;Flur 0;074519000;Münchweiler;Münchweiler an der Alsenz;Donnersbergkreis;Triftwiese;6760;"Ackerland;6760"
Flurstueck.4341550;false;false;false;false;false;false;true;true;false;074959000008420002__;842;Flur 0;074959000;Sembach;Sembach;Kaiserslautern;Heckenweg;228;"Ackerland;228"
Flurstueck.4341552;true;false;false;false;false;false;false;false;false;07495900000910______;910;Flur 0;074959000;Sembach;Sembach;Kaiserslautern;Stockfeld;16784;"Ackerland;16784"
Flurstueck.4341563;true;false;false;false;false;false;true;true;false;07495900000838______;838;Flur 0;074959000;Sembach;Sembach;Kaiserslautern;Heckenweg;6000;"Ackerland;6000"
Flurstueck.4436120;true;false;false;false;false;false;true;true;false;07452100002164______;2164;Flur 0;074521000;Lohnsfeld;Lohnsfeld;Donnersbergkreis;Vordere Hub;6514;"Ackerland;6514"
Flurstueck.4436140;true;false;false;false;false;false;true;true;false;07451900000824______;824;Flur 0;074519000;Münchweiler;Münchweiler an der Alsenz;Donnersbergkreis;Manntal;12370;"Grünland;7231|Ackerland;5139"
Flurstueck.4436143;false;false;false;false;false;false;true;true;false;07451900001949______;1949;Flur 0;074519000;Münchweiler;Münchweiler an der Alsenz;Donnersbergkreis;Elf Morgen;1489;"Ackerland;1489"
Flurstueck.4436145;true;false;false;false;false;false;true;true;false;074519000021060001__;2106;Flur 0;074519000;Münchweiler;Münchweiler an der Alsenz;Donnersbergkreis;Triftwiese;23368;"Ackerland;23368"
Flurstueck.4438767;true;false;false;false;false;false;false;false;false;07495900000760______;760;Flur 0;074959000;Sembach;Sembach;Kaiserslautern;Bauter;11650;"Ackerland;11300|Fahrweg;350"
Flurstueck.4532782;false;false;false;false;false;false;true;false;false;07451800001171______;1171;Flur 0;074518000;Gonbach;Gonbach;Donnersbergkreis;Pfalzschlag;2250;"Ackerland;2250"
Flurstueck.4532799;true;false;true;false;false;false;true;false;true;07451900001665______;1665;Flur 0;074519000;Münchweiler;Münchweiler an der Alsenz;Donnersbergkreis;Reder;13080;"Grünland;12101|Laubholz;979"
Flurstueck.4532804;true;false;false;false;false;false;true;true;false;07451900000845______;845;Flur 0;074519000;Münchweiler;Münchweiler an der Alsenz;Donnersbergkreis;Beckerdell;917;"Grünland;917"
Flurstueck.4532809;true;false;true;false;false;false;true;true;false;07451900001680______;1680;Flur 0;074519000;Münchweiler;Münchweiler an der Alsenz;Donnersbergkreis;Sechs Morgen;20257;"Ackerland;20257"
Flurstueck.4532811;true;false;false;false;false;false;true;true;false;07451900002010______;2010;Flur 0;074519000;Münchweiler;Münchweiler an der Alsenz;Donnersbergkreis;Vor der Halt;2126;"Ackerland;2126"
Flurstueck.4532866;false;false;false;false;false;false;true;true;false;07452100002358______;2358;Flur 0;074521000;Lohnsfeld;Lohnsfeld;Donnersbergkreis;Hüttenäcker;5305;"Grünland;5305"
Flurstueck.4532912;false;false;false;false;false;false;true;true;false;07452400000774______;774;Flur 0;074524000;Winnweiler;Winnweiler;Donnersbergkreis;Im Strunk Erste Gewanne;3850;"Ackerland;3782|Fahrweg;68"
Flurstueck.4532913;false;false;false;false;false;false;true;true;false;07452400000794______;794;Flur 0;074524000;Winnweiler;Winnweiler;Donnersbergkreis;Sandfeld;7050;"Ackerland;7050"
Flurstueck.4535370;true;false;false;false;false;false;true;true;false;07495600001190______;1190;Flur 0;074956000;Baalborn;Mehlingen;Kaiserslautern;Attigäcker;13391;"Ackerland;13391"
Flurstueck.4535388;true;false;false;false;false;false;true;true;false;07495900001014______;1014;Flur 0;074959000;Sembach;Sembach;Kaiserslautern;Frankenland;5799;"Ackerland;5799"
Flurstueck.461760;true;false;false;false;false;false;true;false;false;07451900001105______;1105;Flur 0;074519000;Münchweiler;Münchweiler an der Alsenz;Donnersbergkreis;Schulberg;7600;"Ackerland;7600"
Flurstueck.461769;true;false;false;false;false;false;true;true;false;07451900002039______;2039;Flur 0;074519000;Münchweiler;Münchweiler an der Alsenz;Donnersbergkreis;Distelacker;954;"Grünland;954"
Flurstueck.4629947;false;false;false;false;false;false;true;true;false;07451900001899______;1899;Flur 0;074519000;Münchweiler;Münchweiler an der Alsenz;Donnersbergkreis;Seidersäcker;20757;"Ackerland;20757"
Flurstueck.4629952;true;false;false;false;false;false;true;true;false;07451900001600______;1600;Flur 0;074519000;Münchweiler;Münchweiler an der Alsenz;Donnersbergkreis;Stockäcker;14920;"Ackerland;13788|Grünland;950|Laub- und Nadelholz;127|Laub- und Nadelholz;55"
Flurstueck.4629954;true;false;false;false;false;false;true;true;false;07451900002056______;2056;Flur 0;074519000;Münchweiler;Münchweiler an der Alsenz;Donnersbergkreis;Melchiorstal;3670;"Ackerland;2930|Gehölz;740"
Flurstueck.4632568;true;true;false;false;false;false;true;true;false;074959000010150003__;1015;Flur 0;074959000;Sembach;Sembach;Kaiserslautern;Frankenland;17142;"Ackerland;17142"
Flurstueck.4727072;true;false;false;false;false;false;true;false;false;07451900001695______;1695;Flur 0;074519000;Münchweiler;Münchweiler an der Alsenz;Donnersbergkreis;Im Taubert;5970;"Laub- und Nadelholz;3058|Ackerland;2912"
Flurstueck.4727076;true;false;false;false;false;false;true;true;false;07451900001576______;1576;Flur 0;074519000;Münchweiler;Münchweiler an der Alsenz;Donnersbergkreis;Neuwoog;3170;"Ackerland;3170"
Flurstueck.4727079;true;false;false;false;false;false;true;true;false;07451900000767______;767;Flur 0;074519000;Münchweiler;Münchweiler an der Alsenz;Donnersbergkreis;Oberste Reth;5520;"Ackerland;5520"
Flurstueck.4727123;true;false;false;false;false;false;true;false;false;07452000001350______;1350;Flur 0;074520000;Wartenberg-Rohrbach;Wartenberg-Rohrbach;Donnersbergkreis;Mittelhölzchen;8307;"Ackerland;8307"
Flurstueck.4823751;false;false;false;false;false;false;true;true;false;07451900000750______;750;Flur 0;074519000;Münchweiler;Münchweiler an der Alsenz;Donnersbergkreis;Oberste Reth;14950;"Ackerland;14950"
Flurstueck.4823766;true;false;false;false;false;false;true;true;false;07451900001991______;1991;Flur 0;074519000;Münchweiler;Münchweiler an der Alsenz;Donnersbergkreis;Katzenacker;2661;"Ackerland;2661"
Flurstueck.4823768;true;false;false;false;false;false;true;false;false;07451900002089______;2089;Flur 0;074519000;Münchweiler;Münchweiler an der Alsenz;Donnersbergkreis;Sand;3391;"Ackerland;3391"
Flurstueck.4823769;false;false;false;false;false;false;true;true;false;07451900002114______;2114;Flur 0;074519000;Münchweiler;Münchweiler an der Alsenz;Donnersbergkreis;Mordkammer;2752;"Ackerland;2752"
Flurstueck.4823873;false;false;false;false;false;false;true;true;false;074524000007710001__;771;Flur 0;074524000;Winnweiler;Winnweiler;Donnersbergkreis;Im Strunk Erste Gewanne;3410;"Ackerland;3375|Fahrweg;35"
Flurstueck.4826365;true;false;false;false;false;false;false;false;false;07495900000750______;750;Flur 0;074959000;Sembach;Sembach;Kaiserslautern;Bauter;2130;"Ackerland;2130"
Flurstueck.4921035;false;false;false;false;false;false;true;false;false;07451800001164______;1164;Flur 0;074518000;Gonbach;Gonbach;Donnersbergkreis;Pfalzschlag;5150;"Ackerland;5150"
Flurstueck.4921173;false;false;false;false;false;false;true;true;false;07452400000789______;789;Flur 0;074524000;Winnweiler;Winnweiler;Donnersbergkreis;Sandfeld;6140;"Ackerland;6140"
Flurstueck.5017389;true;false;false;false;false;false;true;false;false;074519000014440003__;1444;Flur 0;074519000;Münchweiler;Münchweiler an der Alsenz;Donnersbergkreis;Gebrüchberg;2700;"Ackerland;2455|Laubholz;245"
Flurstueck.5017402;false;false;false;false;false;false;true;true;false;07451900000778______;778;Flur 0;074519000;Münchweiler;Münchweiler an der Alsenz;Donnersbergkreis;Oberste Reth;5210;"Ackerland;5210"
Flurstueck.5017487;true;false;false;false;false;false;true;true;false;074524000007310002__;731;Flur 0;074524000;Winnweiler;Winnweiler;Donnersbergkreis;Untere Hub;2887;"Ackerland;2800|Grünland;87"
Flurstueck.5020034;false;false;false;false;false;false;false;true;false;07495900000918______;918;Flur 0;074959000;Sembach;Sembach;Kaiserslautern;An der Pfaffenseite Hollerstück;30696;"Ackerland;29828|Spielplatz, Bolzplatz;868"
Flurstueck.5114433;true;false;false;false;false;false;true;false;false;07451900001442______;1442;Flur 0;074519000;Münchweiler;Münchweiler an der Alsenz;Donnersbergkreis;Gebrüchberg;4860;"Grünland;4558|Gehölz;302"
Flurstueck.5114443;true;false;false;false;false;false;true;true;false;07451900001994______;1994;Flur 0;074519000;Münchweiler;Münchweiler an der Alsenz;Donnersbergkreis;Katzenacker;18790;"Grünland;12597|Ackerland;6193"
Flurstueck.5114450;true;false;false;false;false;false;true;true;false;07451900001992______;1992;Flur 0;074519000;Münchweiler;Münchweiler an der Alsenz;Donnersbergkreis;Katzenacker;3569;"Ackerland;3569"
Flurstueck.5117059;true;false;false;false;false;false;true;true;false;074959000006710003__;671;Flur 0;074959000;Sembach;Sembach;Kaiserslautern;Schellpeter Eich;7965;"Ackerland;7965"
Flurstueck.5117074;true;false;false;false;false;false;true;true;false;074959000010120004__;1012;Flur 0;074959000;Sembach;Sembach;Kaiserslautern;Frankenland;5814;"Ackerland;5814"
Flurstueck.5210958;true;false;false;false;false;false;true;false;false;074518000009300005__;930;Flur 0;074518000;Gonbach;Gonbach;Donnersbergkreis;Gaul;260;"Ackerland;260"
Flurstueck.5210990;true;false;false;false;false;false;true;true;false;074519000021060002__;2106;Flur 0;074519000;Münchweiler;Münchweiler an der Alsenz;Donnersbergkreis;Triftwiese;6022;"Ackerland;6022"
Flurstueck.5211028;false;false;false;false;false;false;true;true;false;07452000000582______;582;Flur 0;074520000;Wartenberg-Rohrbach;Wartenberg-Rohrbach;Donnersbergkreis;Am Bauter;4981;"Ackerland;4981"
Flurstueck.5211061;false;false;false;false;false;false;true;true;false;07452400000833______;833;Flur 0;074524000;Winnweiler;Winnweiler;Donnersbergkreis;Obere Hub;4060;"Ackerland;4060"
Flurstueck.5212147;false;false;false;false;false;false;true;true;false;074959000005500006__;550;Flur 0;074959000;Sembach;Sembach;Kaiserslautern;Langäcker;9670;"Grünland;9670"
Flurstueck.5213659;true;false;false;false;false;false;true;true;false;07495900000665______;665;Flur 0;074959000;Sembach;Sembach;Kaiserslautern;Schellpeter Eich;3480;"Ackerland;3409|Fahrweg;71"
Flurstueck.5213676;true;false;false;false;false;false;true;true;false;07495900001016______;1016;Flur 0;074959000;Sembach;Sembach;Kaiserslautern;Frankenland;7264;"Ackerland;7255|Fahrweg;9"
Flurstueck.5213677;true;false;true;false;false;false;true;true;true;07495900000712______;712;Flur 0;074959000;Sembach;Sembach;Kaiserslautern;Bauter;2540;"Grünland;1536|Grünland;612|Graben;392"
Flurstueck.5307802;false;false;false;false;false;false;true;true;false;074524000007930004__;793;Flur 0;074524000;Winnweiler;Winnweiler;Donnersbergkreis;Sandfeld;3450;"Ackerland;3450"
Flurstueck.5310337;true;false;false;false;false;false;true;true;false;07495900000841______;841;Flur 0;074959000;Sembach;Sembach;Kaiserslautern;Heckenweg;8249;"Ackerland;8249"
Flurstueck.5310339;false;false;false;false;false;false;false;true;false;074959000009180004__;918;Flur 0;074959000;Sembach;Sembach;Kaiserslautern;An der Pfaffenseite Hollerstück;9504;"Ackerland;3744|Ackerland;2633|Ackerland;2591|Spielplatz, Bolzplatz;250|Ackerland;210|Fahrweg;42|Fahrweg;34"
Flurstueck.5310340;true;false;false;false;false;false;false;false;false;07495900000900______;900;Flur 0;074959000;Sembach;Sembach;Kaiserslautern;Stockfeld;8650;"Ackerland;8650"
Flurstueck.5310344;true;false;false;false;false;false;true;true;false;074959000008050004__;805;Flur 0;074959000;Sembach;Sembach;Kaiserslautern;Hollerstück;1700;"Ackerland;1700"
Flurstueck.5403947;false;false;false;false;false;false;true;false;false;07451800001172______;1172;Flur 0;074518000;Gonbach;Gonbach;Donnersbergkreis;Pfalzschlag;2780;"Ackerland;2780"
Flurstueck.5403958;true;false;false;false;false;false;true;true;false;074518000009350002__;935;Flur 0;074518000;Gonbach;Gonbach;Donnersbergkreis;Gaul;710;"Fahrweg;580|Ackerland;130"
Flurstueck.5403963;true;false;false;false;false;false;true;true;false;07452100002566______;2566;Flur 0;074521000;Lohnsfeld;Lohnsfeld;Donnersbergkreis;Münchweilerweg;27332;"Ackerland;27123|Gehölz;209"
Flurstueck.5403966;true;false;false;false;false;false;true;false;false;07451900000754______;754;Flur 0;074519000;Münchweiler;Münchweiler an der Alsenz;Donnersbergkreis;Oberste Reth;12720;"Ackerland;11662|Laub- und Nadelholz;1058"
Flurstueck.5403976;true;false;false;false;false;false;true;false;false;074519000016960002__;1696;Flur 0;074519000;Münchweiler;Münchweiler an der Alsenz;Donnersbergkreis;Im Taubert;1740;"Laubholz;1740"
Flurstueck.5404046;true;false;false;false;false;false;true;true;false;07452100002217______;2217;Flur 0;074521000;Lohnsfeld;Lohnsfeld;Donnersbergkreis;Buchholz;34538;"Ackerland;18082|Grünland;16456"
Flurstueck.5500977;false;false;false;false;false;false;true;true;false;074519000007780002__;778;Flur 0;074519000;Münchweiler;Münchweiler an der Alsenz;Donnersbergkreis;Oberste Reth;2900;"Nadelholz;2900"
Flurstueck.5500982;true;false;false;false;false;false;true;true;false;074519000008460002__;846;Flur 0;074519000;Münchweiler;Münchweiler an der Alsenz;Donnersbergkreis;Beckerdell;1377;"Grünland;1377"
Flurstueck.5501000;true;false;false;false;false;false;true;true;false;07451900002107______;2107;Flur 0;074519000;Münchweiler;Münchweiler an der Alsenz;Donnersbergkreis;Triftwiese;6897;"Ackerland;6239|Gehölz;658"
Flurstueck.5501052;true;false;false;false;false;false;true;true;false;07452100002158______;2158;Flur 0;074521000;Lohnsfeld;Lohnsfeld;Donnersbergkreis;Hutzeldürr;5814;"Ackerland;5814"
Flurstueck.5501090;false;false;false;false;false;false;true;true;false;07452400000791______;791;Flur 0;074524000;Winnweiler;Winnweiler;Donnersbergkreis;Sandfeld;12280;"Ackerland;12280"
Flurstueck.5501091;false;false;false;false;false;false;true;true;false;074524000007860001__;786;Flur 0;074524000;Winnweiler;Winnweiler;Donnersbergkreis;Sandfeld;872;"Ackerland;872"
Flurstueck.5503640;false;false;false;false;false;false;false;true;false;07495900000949______;949;Flur 0;074959000;Sembach;Sembach;Kaiserslautern;Mittelhölzchen;3195;"Ackerland;3195"
Flurstueck.5503646;true;false;false;false;false;false;true;true;false;07495900000987______;987;Flur 0;074959000;Sembach;Sembach;Kaiserslautern;Krottenpfuhl;3430;"Grünland;3430"
Flurstueck.5521486;true;false;false;false;false;false;true;true;false;074520000012910001__;1291;Flur 0;074520000;Wartenberg-Rohrbach;Wartenberg-Rohrbach;Donnersbergkreis;L 401;9142;"Straßenverkehr;4588|Rad- und Fußweg;3093|Ackerland;1460"
Flurstueck.558614;true;false;false;false;false;false;true;true;false;07451900002068______;2068;Flur 0;074519000;Münchweiler;Münchweiler an der Alsenz;Donnersbergkreis;Hintere Halt;25532;"Ackerland;25532"
Flurstueck.558616;true;false;false;false;false;false;true;false;false;07451900001438______;1438;Flur 0;074519000;Münchweiler;Münchweiler an der Alsenz;Donnersbergkreis;Gebrüchberg;1810;"Grünland;1810"
Flurstueck.5598456;false;false;false;false;false;false;true;true;false;07451800000450______;450;Flur 0;074518000;Gonbach;Gonbach;Donnersbergkreis;Seiders;3890;"Ackerland;3878|Fahrweg;12"
Flurstueck.5598474;true;false;true;false;false;false;true;true;true;07452100002326______;2326;Flur 0;074521000;Lohnsfeld;Lohnsfeld;Donnersbergkreis;Speisäcker;18788;"Ackerland;18788"
Flurstueck.5598478;false;false;false;false;false;false;true;true;false;07451900000763______;763;Flur 0;074519000;Münchweiler;Münchweiler an der Alsenz;Donnersbergkreis;Oberste Reth;1530;"Ackerland;1530"
Flurstueck.5598604;false;false;false;false;false;false;true;true;false;07452400000778______;778;Flur 0;074524000;Winnweiler;Winnweiler;Donnersbergkreis;Im Strunk Erste Gewanne;2150;"Ackerland;2150"
Flurstueck.5601087;false;false;false;false;false;false;false;true;false;074959000007950014__;795;Flur 0;074959000;Sembach;Sembach;Kaiserslautern;Am Steinkopf;6661;"Ackerland;6661"
Flurstueck.561145;true;false;false;false;false;false;true;true;false;074959000007020001__;702;Flur 0;074959000;Sembach;Sembach;Kaiserslautern;Hahnenkopf;4880;"Grünland;4701|Fahrweg;97|Grünland;82"
Flurstueck.561157;true;false;false;false;false;false;true;false;false;07495900001027______;1027;Flur 0;074959000;Sembach;Sembach;Kaiserslautern;Alte Straße;4640;"Ackerland;4640"
Flurstueck.5695000;true;false;true;false;false;false;true;true;true;074524000007930005__;793;Flur 0;074524000;Winnweiler;Winnweiler;Donnersbergkreis;Sandfeld;3450;"Ackerland;3450"
Flurstueck.5791432;true;false;false;false;false;false;true;true;false;074519000021160001__;2116;Flur 0;074519000;Münchweiler;Münchweiler an der Alsenz;Donnersbergkreis;Mordkammer;5375;"Ackerland;5375"
Flurstueck.5791436;false;false;true;false;false;false;true;false;true;074519000020210002__;2021;Flur 0;074519000;Münchweiler;Münchweiler an der Alsenz;Donnersbergkreis;Mühlstraße;3299;"Restauration;3299"
Flurstueck.5791519;true;false;false;false;false;false;true;true;false;074524000006870004__;687;Flur 0;074524000;Winnweiler;Winnweiler;Donnersbergkreis;Potzbacher Pfad;840;"Ackerland;189|Gehölz;116|Grünland;112|Ackerland;109|Grünland;106|Fahrweg;105|Grünland;49|Grünland;41|Fahrweg;13"
Flurstueck.5794146;false;false;false;false;false;false;false;true;false;074959000008800003__;880;Flur 0;074959000;Sembach;Sembach;Kaiserslautern;Schulzengarten;3315;"Grünland;3254|Fahrweg;60"
Flurstueck.5888899;true;false;false;false;false;false;true;false;false;07451900001443______;1443;Flur 0;074519000;Münchweiler;Münchweiler an der Alsenz;Donnersbergkreis;Gebrüchberg;2350;"Grünland;2326|Gehölz;24"
Flurstueck.5889005;false;false;false;false;false;false;true;true;false;07452400000772______;772;Flur 0;074524000;Winnweiler;Winnweiler;Donnersbergkreis;Im Strunk Erste Gewanne;3080;"Ackerland;3050|Fahrweg;30"
Flurstueck.5891540;false;false;false;false;false;false;true;true;false;07495900001012______;1012;Flur 0;074959000;Sembach;Sembach;Kaiserslautern;Frankenland;16240;"Ackerland;16073|Fahrweg;167"
Flurstueck.5891542;false;false;false;false;false;false;false;true;false;07495900000928______;928;Flur 0;074959000;Sembach;Sembach;Kaiserslautern;An der Pfaffenseite Hollerstück;8908;"Ackerland;8908"
Flurstueck.5891546;true;false;false;false;false;false;true;true;false;074959000006640001__;664;Flur 0;074959000;Sembach;Sembach;Kaiserslautern;Schellpeter Eich;4012;"Ackerland;4012"
Flurstueck.5985484;true;false;false;false;false;false;true;true;false;07451900000764______;764;Flur 0;074519000;Münchweiler;Münchweiler an der Alsenz;Donnersbergkreis;Oberste Reth;2730;"Ackerland;2730"
Flurstueck.5985486;true;false;false;false;false;false;true;true;false;07451900000825______;825;Flur 0;074519000;Münchweiler;Münchweiler an der Alsenz;Donnersbergkreis;Manntal;4810;"Ackerland;4810"
Flurstueck.5985558;true;false;false;false;false;false;true;true;false;07452100002166______;2166;Flur 0;074521000;Lohnsfeld;Lohnsfeld;Donnersbergkreis;Vordere Hub;17456;"Ackerland;17456"
Flurstueck.5985567;true;false;true;false;false;false;true;true;true;07452100002333______;2333;Flur 0;074521000;Lohnsfeld;Lohnsfeld;Donnersbergkreis;Speisäcker;2235;"Grünland;2235"
Flurstueck.6082198;false;false;false;false;false;false;false;false;false;07451800001167______;1167;Flur 0;074518000;Gonbach;Gonbach;Donnersbergkreis;Pfalzschlag;2130;"Ackerland;2130"
Flurstueck.6082219;true;false;false;false;false;false;true;false;false;07451900001484______;1484;Flur 0;074519000;Münchweiler;Münchweiler an der Alsenz;Donnersbergkreis;Kirchwald;3650;"Grünland;3650"
Flurstueck.6082225;false;false;false;false;false;false;true;true;false;07451900001894______;1894;Flur 0;074519000;Münchweiler;Münchweiler an der Alsenz;Donnersbergkreis;Seidersäcker;1728;"Brachland;1728"
Flurstueck.6084790;false;false;false;false;false;false;true;true;false;07495900000952______;952;Flur 0;074959000;Sembach;Sembach;Kaiserslautern;Mittelhölzchen;2520;"Ackerland;2520"
Flurstueck.6179472;true;false;false;false;false;false;true;true;false;07452100002102______;2102;Flur 0;074521000;Lohnsfeld;Lohnsfeld;Donnersbergkreis;Langgewann;7165;"Ackerland;7165"
Flurstueck.6179477;true;false;false;false;false;false;true;false;false;07451900001109______;1109;Flur 0;074519000;Münchweiler;Münchweiler an der Alsenz;Donnersbergkreis;Schulberg;1940;"Ackerland;1940"
Flurstueck.6179491;true;false;false;false;false;false;true;true;false;07451900002108______;2108;Flur 0;074519000;Münchweiler;Münchweiler an der Alsenz;Donnersbergkreis;Triftwiese;5714;"Ackerland;5703|Fahrweg;11"
Flurstueck.6179661;true;false;false;false;false;false;true;true;false;07452900001770______;1770;Flur 0;074529000;Alsenbrück-Langmeil;Winnweiler;Donnersbergkreis;Baumannswoog;9137;"Grünland;9137"
Flurstueck.6182133;false;false;false;false;false;false;false;true;false;07495900000917______;917;Flur 0;074959000;Sembach;Sembach;Kaiserslautern;An der Pfaffenseite Hollerstück;48081;"Ackerland;47966|Fahrweg;115"
Flurstueck.6182134;true;false;false;false;false;false;true;true;false;074959000008050003__;805;Flur 0;074959000;Sembach;Sembach;Kaiserslautern;Hollerstück;8626;"Ackerland;8626"
Flurstueck.655132;false;false;false;false;false;false;true;true;false;074518000004500002__;450;Flur 0;074518000;Gonbach;Gonbach;Donnersbergkreis;Seiders;6920;"Ackerland;6920"
Flurstueck.655146;true;false;false;false;false;false;true;true;false;07451900000821______;821;Flur 0;074519000;Münchweiler;Münchweiler an der Alsenz;Donnersbergkreis;Manntal;2010;"Ackerland;1864|Grünland;146"
Flurstueck.655163;true;false;false;false;false;false;true;true;false;07451900001980______;1980;Flur 0;074519000;Münchweiler;Münchweiler an der Alsenz;Donnersbergkreis;Pfarrhöbel;54182;"Ackerland;54182"
Flurstueck.655164;true;false;false;false;false;false;true;true;false;074519000020130001__;2013;Flur 0;074519000;Münchweiler;Münchweiler an der Alsenz;Donnersbergkreis;Vor der Halt;9474;"Ackerland;9474"
Flurstueck.655165;true;false;true;false;false;false;true;true;true;07451900002026______;2026;Flur 0;074519000;Münchweiler;Münchweiler an der Alsenz;Donnersbergkreis;Sammelswiesen;17595;"Ackerland;17595"
Flurstueck.655255;true;false;false;false;false;false;true;true;false;074524000007870001__;787;Flur 0;074524000;Winnweiler;Winnweiler;Donnersbergkreis;Sandfeld;793;"Ackerland;793"
Flurstueck.655256;false;false;false;false;false;false;true;true;false;07452400000788______;788;Flur 0;074524000;Winnweiler;Winnweiler;Donnersbergkreis;Sandfeld;6140;"Ackerland;6140"
Flurstueck.657848;false;false;false;false;false;false;true;true;false;074959000009260002__;926;Flur 0;074959000;Sembach;Sembach;Kaiserslautern;An der Pfaffenseite Hollerstück;4109;"Ackerland;4109"
Flurstueck.657849;false;false;false;false;false;false;true;true;false;074959000010120003__;1012;Flur 0;074959000;Sembach;Sembach;Kaiserslautern;Frankenland;2647;"Ackerland;2647"
Flurstueck.74029;true;false;false;false;false;false;true;true;false;07451800000940______;940;Flur 0;074518000;Gonbach;Gonbach;Donnersbergkreis;Rauschen;33040;"Ackerland;32010|Laubholz;723|Fahrweg;168|Fahrweg;139"
Flurstueck.74040;true;false;false;false;false;false;true;true;false;07451900000765______;765;Flur 0;074519000;Münchweiler;Münchweiler an der Alsenz;Donnersbergkreis;Oberste Reth;6890;"Ackerland;6890"
Flurstueck.74042;false;false;false;false;false;false;true;true;false;074519000008210002__;821;Flur 0;074519000;Münchweiler;Münchweiler an der Alsenz;Donnersbergkreis;Manntal;1700;"Grünland;1017|Ackerland;683"
Flurstueck.74063;true;false;false;false;false;false;true;true;false;07451900002109______;2109;Flur 0;074519000;Münchweiler;Münchweiler an der Alsenz;Donnersbergkreis;Triftwiese;37688;"Ackerland;37609|Fahrweg;79"
Flurstueck.74124;true;false;false;false;false;false;true;true;false;074521000022360003__;2236;Flur 0;074521000;Lohnsfeld;Lohnsfeld;Donnersbergkreis;Geisrech;22997;"Ackerland;22997"
Flurstueck.74125;true;false;false;false;false;false;true;true;false;07452100002279______;2279;Flur 0;074521000;Lohnsfeld;Lohnsfeld;Donnersbergkreis;Hohe Blatt;21469;"Grünland;21469"
Flurstueck.74159;false;false;false;false;false;false;true;true;false;074524000007800007__;780;Flur 0;074524000;Winnweiler;Winnweiler;Donnersbergkreis;Im Strunk Erste Gewanne;446;"Ackerland;446"
Flurstueck.752131;true;false;false;false;false;false;true;false;false;074518000009320001__;932;Flur 0;074518000;Gonbach;Gonbach;Donnersbergkreis;Gaul;2880;"Ackerland;2880"
Flurstueck.752142;true;false;false;false;false;false;true;true;false;07452100002215______;2215;Flur 0;074521000;Lohnsfeld;Lohnsfeld;Donnersbergkreis;Buchholz;3266;"Ackerland;2537|Grünland;729"
Flurstueck.752143;true;false;false;false;false;false;true;false;false;074519000007530002__;753;Flur 0;074519000;Münchweiler;Münchweiler an der Alsenz;Donnersbergkreis;Oberste Reth;5870;"Ackerland;5621|Laub- und Nadelholz;249"
Flurstueck.752147;true;false;false;false;false;false;true;true;false;07451900001370______;1370;Flur 0;074519000;Münchweiler;Münchweiler an der Alsenz;Donnersbergkreis;An der Alten Trift;16010;"Ackerland;14188|Laubholz;1822"
Flurstueck.752157;false;false;true;false;false;false;true;false;true;074519000020210001__;2021;Flur 0;074519000;Münchweiler;Münchweiler an der Alsenz;Donnersbergkreis;Mühlstraße 19;4375;"Restauration;4375"
Flurstueck.752204;true;false;false;false;false;false;true;true;false;07452000001216______;1216;Flur 0;074520000;Wartenberg-Rohrbach;Wartenberg-Rohrbach;Donnersbergkreis;Breinbach;31483;"Ackerland;31350|Graben;133"
Flurstueck.752248;false;false;false;false;false;false;true;true;false;074524000007860002__;786;Flur 0;074524000;Winnweiler;Winnweiler;Donnersbergkreis;Sandfeld;218;"Ackerland;218"
Flurstueck.754739;false;false;false;false;false;false;true;false;false;07495600001278______;1278;Flur 0;074956000;Baalborn;Mehlingen;Kaiserslautern;Hohe Rech;2057;"Ackerland;2057"
Flurstueck.76719;true;false;false;false;false;false;true;true;false;07495900000670______;670;Flur 0;074959000;Sembach;Sembach;Kaiserslautern;Schellpeter Eich;15548;"Ackerland;15379|Fahrweg;115|Fahrweg;54"
Flurstueck.76728;false;false;false;false;false;false;true;true;false;07495900000842______;842;Flur 0;074959000;Sembach;Sembach;Kaiserslautern;Heckenweg;3546;"Ackerland;3546"
Flurstueck.849019;false;false;false;false;false;false;true;true;false;07451900001948______;1948;Flur 0;074519000;Münchweiler;Münchweiler an der Alsenz;Donnersbergkreis;Elf Morgen;2538;"Ackerland;2538"
Flurstueck.851627;true;false;false;false;false;false;false;false;false;07495900000905______;905;Flur 0;074959000;Sembach;Sembach;Kaiserslautern;Stockfeld;6437;"Ackerland;6437"
Flurstueck.946374;true;false;false;false;false;false;true;false;false;074518000009280001__;928;Flur 0;074518000;Gonbach;Gonbach;Donnersbergkreis;Gaul;570;"Ackerland;570"
Flurstueck.946401;false;false;false;false;false;false;true;false;false;074519000015600002__;1560;Flur 0;074519000;Münchweiler;Münchweiler an der Alsenz;Donnersbergkreis;Wildpretsbrunnen;8520;"Laubholz;8520"
Flurstueck.946403;true;false;false;false;false;false;true;true;false;07451900000841______;841;Flur 0;074519000;Münchweiler;Münchweiler an der Alsenz;Donnersbergkreis;Beckerdell;1670;"Grünland;1670"
Flurstueck.946404;true;false;false;false;false;false;true;false;false;07451900001693______;1693;Flur 0;074519000;Münchweiler;Münchweiler an der Alsenz;Donnersbergkreis;Im Taubert;6450;"Ackerland;5687|Laubholz;763"
Flurstueck.946407;true;false;true;false;false;false;true;true;false;07451900001620______;1620;Flur 0;074519000;Münchweiler;Münchweiler an der Alsenz;Donnersbergkreis;Neuwoog;16525;"Ackerland;13021|Ackerland;2116|Graben;688|Gehölz;627|Graben;73"
Flurstueck.946461;true;false;false;false;false;false;true;true;false;07452100002457______;2457;Flur 0;074521000;Lohnsfeld;Lohnsfeld;Donnersbergkreis;Brämbach;1984;"Ackerland;1984"
Flurstueck.946495;false;false;false;false;false;false;true;true;false;074524000007870002__;787;Flur 0;074524000;Winnweiler;Winnweiler;Donnersbergkreis;Sandfeld;327;"Ackerland;327"
